Task ID,Filename
IYSXTWPH3HABFNXBGJQLG247,ch.swisstopo.swisseo_s2-sr_v100_mosaic_2026-10-02T103041_bands-10mquadrant1
3OMUUWWZXHYXUVWRZWO3ZVTK,ch.swisstopo.swisseo_s2-sr_v100_mosaic_2026-10-02T103041_bands-10mquadrant2
QWGUSIZ4RFY5O2RFLGUUU6KD,ch.swisstopo.swisseo_s2-sr_v100_mosaic_2026-10-02T103041_bands-10mquadrant3
XAEWVXU2WTUKTDVULHP7L7FT,ch.swisstopo.swisseo_s2-sr_v100_mosaic_2026-10-02T103041_bands-10mquadrant4
CVKMCEZQVMGO62DVTNNSVENV,ch.swisstopo.swisseo_s2-sr_v100_mosaic_2026-10-02T103041_masks-10mquadrant1
P6I2KOBFRF6E4C6D3TJHXTMS,ch.swisstopo.swisseo_s2-sr_v100_mosaic_2026-10-02T103041_masks-10mquadrant2
YZRSLJV2DMRSWKV3RW2VC6QR,ch.swisstopo.swisseo_s2-sr_v100_mosaic_2026-10-02T103041_masks-10mquadrant3
FJOCF4UVJTGBIA4HNJ2IHSZT,ch.swisstopo.swisseo_s2-sr_v100_mosaic_2026-10-02T103041_masks-10mquadrant4
DQFC5RDEX7RONSFH44UCRZZL,ch.swisstopo.swisseo_s2-sr_v100_mosaic_2026-10-02T103041_registration-10mquadrant1
YDW35Z6I2D7CDXJRWWFLY3S6,ch.swisstopo.swisseo_s2-sr_v100_mosaic_2026-10-02T103041_registration-10mquadrant2
SAMLV55XHLZ5JLOKD7ITQVRM,ch.swisstopo.swisseo_s2-sr_v100_mosaic_2026-10-02T103041_registration-10mquadrant3
J7ZR3PVPSTPDBLIEHAE2EIYF,ch.swisstopo.swisseo_s2-sr_v100_mosaic_2026-10-02T103041_registration-10mquadrant4
LOHPCBG4N6RSTYOLOCPM5WDO,ch.swisstopo.swisseo_s2-sr_v100_mosaic_2026-10-02T103041_cloudprobability-10mquadrant1
P46PK5QZQC6FMHO6TLZPWBZP,ch.swisstopo.swisseo_s2-sr_v100_mosaic_2026-10-02T103041_cloudprobability-10mquadrant2
VEN5ZFDPUDA2HLUSHKC2PMOD,ch.swisstopo.swisseo_s2-sr_v100_mosaic_2026-10-02T103041_cloudprobability-10mquadrant3
LVTE5MLYPTYL7PF2GBAXI5DQ,ch.swisstopo.swisseo_s2-sr_v100_mosaic_2026-10-02T103041_cloudprobability-10mquadrant4
ATYUTRTX2SREFBKGMXUGEO4D,ch.swisstopo.swisseo_s2-sr_v100_mosaic_2026-10-02T103041_bands-20mquadrant1
IGW5EJUAWM7UICS6UUCVS3PR,ch.swisstopo.swisseo_s2-sr_v100_mosaic_2026-10-02T103041_bands-20mquadrant2
73ATQKUVTVZYB7VIKQM4I7T2,ch.swisstopo.swisseo_s2-sr_v100_mosaic_2026-10-02T103041_bands-20mquadrant3
BRCE2WGG3VE7TEAQMWTWWR5K,ch.swisstopo.swisseo_s2-sr_v100_mosaic_2026-10-02T103041_bands-20mquadrant4
WED24SCPY2GD4LCLQMF3IKHE,ch.swisstopo.swisseo_vhi_v100_mosaic_2026-10-02T235959_vegetation-10mquadrant1
KGGX6AZGX2CDZLZ4A7GFFOGO,ch.swisstopo.swisseo_vhi_v100_mosaic_2026-10-02T235959_vegetation-10mquadrant2
7NEPPZLISINUTVHJUEURJDDT,ch.swisstopo.swisseo_vhi_v100_mosaic_2026-10-02T235959_vegetation-10mquadrant3
T22HGYMDPCBH4HRAWDOKFVOY,ch.swisstopo.swisseo_vhi_v100_mosaic_2026-10-02T235959_vegetation-10mquadrant4
A7AWUZTQBLNOJGGH6IQAJSLD,ch.swisstopo.swisseo_vhi_v100_mosaic_2026-10-02T235959_forest-10mquadrant1
6MAHNXVRO32QF5VJGFFUJCWF,ch.swisstopo.swisseo_vhi_v100_mosaic_2026-10-02T235959_forest-10mquadrant2
HCU73TKVY4TWC27GCNK6ZJ3S,ch.swisstopo.swisseo_vhi_v100_mosaic_2026-10-02T235959_forest-10mquadrant3
H7VMWKMLIOWG4CUIUFPTF5BG,ch.swisstopo.swisseo_vhi_v100_mosaic_2026-10-02T235959_forest-10mquadrant4
