Acquisition Date,Publish Date,Orbit,Platform
2025-11-21,2025-11-24,65,S2C
2025-11-22,2025-11-25,8,S2B
2025-11-23,2025-11-26,65,S2A
2025-11-23,2025-11-26,22,S2B
2025-11-24,2025-11-27,108,S2C
2025-11-26,2025-11-29,108,S2A
2025-11-26,2025-11-29,65,S2B
2025-11-27,2025-11-30,8,S2C
2025-11-28,2025-12-01,22,S2C
2025-11-29,2025-12-02,8,S2A
2025-11-29,2025-12-02,108,S2B
2025-11-30,2025-12-03,22,S2A
2025-12-01,2025-12-04,65,S2C
2025-12-02,2025-12-05,8,S2B
2025-12-03,2025-12-06,22,S2B
2025-12-06,2025-12-09,65,S2B
